slug,keyword,category,intent,title,meta_description,h1,intro,benefits,how_to_choose,faq_q1,faq_a1,faq_q2,faq_a2,faq_q3,faq_a3,cta_primary,cta_secondary,image_url,body_md,status,page_type,entity_type,entity_name,cluster_label,source,source_url,impressions,clicks,ctr,position
magniy-dlya-sna,магний для сна,Минералы,commercial,"Магний для сна: как выбрать форму, дозировку и формат приема | iherbs.com.md","Подборка по теме «магний для сна» с понятным объяснением, какие формы магния чаще выбирают для вечернего приема и что сравнивать перед покупкой.","Магний для сна: как выбрать форму, дозировку и формат приема","Эта подборка помогает разобраться, какие варианты магния чаще рассматривают для вечернего приема, чем отличаются формы выпуска и на что смотреть в составе, если нужен спокойный и понятный выбор.",Сравнивайте форму магния|Проверяйте дозировку на порцию|Смотрите на состав без лишних добавок,"Для этой категории удобнее всего сравнивать форму магния, размер порции, частоту приема и наличие дополнительных компонентов вроде витамина B6 или растительных экстрактов. Если продукт нужен на вечер, особенно важны мягкая переносимость и удобный формат приема.",Какую форму магния чаще выбирают для вечернего приема?,"Часто смотрят на магний глицинат и цитрат, потому что эти формы популярны в категориях для повседневного приема и обычно легко вписываются в вечернюю рутину.",На что смотреть кроме цены?,"Полезно сравнить дозировку на порцию, количество капсул в банке, чистоту состава и наличие сопутствующих ингредиентов в одной формуле.",Кому подходит отдельная подборка по магнию для сна?,"Тем, кто хочет быстро сравнить добавки для вечернего приема и не тратить время на просмотр общих категорий магния без нужного контекста.",Смотреть магний,Открыть другие минералы,"https://cloudinary.images-iherb.com/image/upload/f_auto,q_auto:eco/images/cgn/cgn01902/l/106.jpg","## Кому может подойти
- Тем, кто ищет добавку для вечернего приема
- Тем, кто сравнивает магний в капсулах, порошке или жевательном формате
- Тем, кто хочет выбрать понятную формулу без перегруженного состава
## Что проверить перед покупкой
- Форму магния и дозировку на одну порцию
- Количество порций в упаковке
- Наличие дополнительных ингредиентов для вечернего приема",published,symptom,ingredient,магний,symptom:magniy,manual,https://www.iherb.com/c/magnesium-glycinate,,,,
omega-3-dlya-zhenshchin,омега-3 для женщин,Жирные кислоты,commercial,"Омега-3 для женщин: как сравнивать состав, концентрацию и форму выпуска | iherbs.com.md","Страница по теме «омега-3 для женщин» с понятным разбором EPA, DHA, формы выпуска и удобства ежедневного приема.","Омега-3 для женщин: как сравнивать состав, концентрацию и форму выпуска","Подборка собрана для тех, кто хочет спокойно сравнить популярные варианты омега-3, понять разницу между концентрациями и выбрать продукт для ежедневного приема без лишнего шума.",Сравнивайте EPA и DHA|Оценивайте концентрацию на порцию|Проверяйте удобство ежедневного приема,"В этой категории важно смотреть на суммарное содержание EPA и DHA, размер порции, количество капсул в сутки и общий формат продукта. Чем понятнее маркировка и расчет дозировки, тем легче выбрать подходящий вариант.",Какая омега-3 подходит для ежедневного приема?,"Обычно удобнее всего формулы с прозрачной маркировкой EPA и DHA, понятным размером порции и комфортным числом капсул на день.",Почему важно сравнивать не только общий объем рыбьего жира?,"Потому что ключевое значение имеет содержание EPA и DHA на порцию, а не только общий вес масла в капсуле.",Кому полезна отдельная подборка по омега-3 для женщин?,"Тем, кто ищет понятный ориентир по составу, форме выпуска и удобству приема именно в этой категории, а не в общей ленте жирных кислот.",Смотреть омега-3,Открыть похожие подборки,"https://cloudinary.images-iherb.com/image/upload/f_auto,q_auto:eco/images/mli/mli00952/l/392.jpg","## Что удобно сравнить
- Содержание EPA и DHA на порцию
- Количество капсул или мягких гелевых капсул на день
- Форму продукта: классическое рыбье масло или более концентрированный вариант
## На что еще обратить внимание
- Размер упаковки и срок курса
- Наличие антиоксидантов в составе
- Понятность этикетки и расчет дневной порции",published,audience,audience,женщины,audience:omega-3,manual,https://www.iherb.com/c/omega-3-fish-oil,,,,
vitamin-d3-dlya-detey,витамин D3 для детей,Витамины,commercial,"Витамин D3 для детей: как выбрать дозировку, вкус и удобный формат | iherbs.com.md","Подборка по теме «витамин D3 для детей» с понятным объяснением по формату, дозировке и удобству ежедневного приема.","Витамин D3 для детей: как выбрать дозировку, вкус и удобный формат","Эта страница помогает сравнить популярные детские форматы витамина D3: капли, жевательные пастилки и мягкие формы, чтобы выбрать вариант, который будет удобно давать каждый день.",Сравнивайте формат приема|Проверяйте дозировку на порцию|Смотрите на состав без лишнего сахара,"При выборе детского витамина D3 стоит оценивать возрастную группу, формат продукта, дозировку в одной порции и общий состав. Для многих родителей решающим становится вкус, простота приема и понятная схема использования.",Какой формат витамина D3 для детей считается самым удобным?,"Часто выбирают капли или жевательные формы, потому что их проще встроить в ежедневный режим и подобрать под возраст ребенка.",Что важно проверить в составе?,"Полезно обратить внимание на дозировку на порцию, количество порций в упаковке и отсутствие лишних подсластителей или ненужных добавок.",Кому подойдет отдельная подборка по витамину D3 для детей?,"Родителям, которые хотят быстро сравнить детские варианты по возрасту, формату и удобству приема без просмотра слишком широкого каталога.",Смотреть витамин D3,Открыть другие витамины,"https://cloudinary.images-iherb.com/image/upload/f_auto,q_auto:eco/images/cgn/cgn01034/l/139.jpg","## Для кого эта подборка
- Для родителей детей разного возраста
- Для тех, кто выбирает между каплями и жевательными формами
- Для тех, кому важен понятный состав и ежедневное удобство
## Что проверить перед заказом
- Дозировку в одной порции
- Рекомендованный возраст
- Количество порций на упаковку",published,audience,audience,дети,audience:vitamin-d3,manual,https://www.iherb.com/c/childrens-vitamin-d,,,,
probiotiki-posle-antibiotikov,пробиотики после антибиотиков,Пробиотики,commercial,"Пробиотики после антибиотиков: как сравнивать состав, формы и количество порций | iherbs.com.md","Подборка пробиотиков после антибиотиков с простым объяснением по составу, количеству штаммов и удобству приема.","Пробиотики после антибиотиков: как сравнивать состав, формы и количество порций","Подборка помогает спокойно сравнить популярные пробиотики после антибиотиков, оценить форму выпуска и понять, какие параметры на упаковке действительно стоит читать в первую очередь.",Смотрите на состав и штаммы|Сравнивайте количество порций|Оценивайте форму выпуска,"В этой категории часто сравнивают количество штаммов, общий формат продукта, размер курса и удобство хранения. Для повседневного выбора полезно смотреть не только на громкие обещания, но и на ясную маркировку состава.",Что чаще сравнивают у пробиотиков после антибиотиков?,"Обычно смотрят на количество штаммов, число порций, форму выпуска и общий размер курса, чтобы понять, насколько продукт удобен в применении.",Лучше выбрать капсулы или порошок?,"Это зависит от личных предпочтений: кому-то удобнее капсулы, а кому-то саше или порошок, особенно если важна гибкость формата.",Зачем нужна отдельная страница по этой теме?,"Потому что у пробиотиков после антибиотиков свой сценарий выбора, и пользователю удобнее видеть только релевантные варианты без смешивания с общей категорией.",Смотреть пробиотики,Открыть смежные подборки,"https://cloudinary.images-iherb.com/image/upload/f_auto,q_auto:eco/images/cgn/cgn00965/l/302.jpg","## Что сравнивать в первую очередь
- Количество штаммов и понятность состава
- Форму выпуска: капсулы, порошок, саше
- Размер курса и число порций
## Что делает выбор проще
- Удобный формат хранения
- Прозрачная этикетка без перегруженных обещаний
- Понятная схема ежедневного приема",published,symptom,ingredient,пробиотики,symptom:probiotiki,manual,https://www.iherb.com/c/probiotics,,,,
kollagen-dlya-sustavov,коллаген для суставов,Коллаген,commercial,"Коллаген для суставов: как выбирать тип, дозировку и формат приема | iherbs.com.md","Подборка коллагена для суставов с понятным разбором по форме, дозировке и дополнительным компонентам.","Коллаген для суставов: как выбирать тип, дозировку и формат приема","Страница собрана для тех, кто хочет сравнить популярные варианты коллагена для суставов и понять, как различаются порошки, капсулы и комплексные формулы с дополнительными ингредиентами.",Сравнивайте тип коллагена|Проверяйте дозировку на порцию|Смотрите на дополнительные компоненты,"При выборе коллагена удобно сравнивать тип продукта, размер порции, удобство ежедневного приема и наличие вспомогательных ингредиентов вроде витамина C, гиалуроновой кислоты или минералов.",Какой формат коллагена чаще выбирают?,"Часто сравнивают порошок и капсулы: порошок удобен для больших порций, а капсулы многим проще брать в готовом формате.",Нужны ли дополнительные компоненты в составе?,"Это зависит от предпочтений, но многие обращают внимание на формулы с витамином C и другими сопутствующими ингредиентами, если хотят более комплексный продукт.",Кому подойдет отдельная подборка по коллагену для суставов?,"Тем, кто не хочет искать среди всех видов коллагена и предпочитает сразу смотреть на решения в нужной категории.",Смотреть коллаген,Открыть соседние темы,"https://cloudinary.images-iherb.com/image/upload/f_auto,q_auto:eco/images/cgn/cgn01032/l/292.jpg","## Для кого подходит категория
- Для тех, кто ищет коллаген именно под суставную тему
- Для тех, кто сравнивает порошок и капсулы
- Для тех, кому важен состав с дополнительными компонентами
## Что проверить перед выбором
- Тип коллагена и размер порции
- Количество порций в упаковке
- Наличие витамина C или других добавок в формуле",published,symptom,ingredient,коллаген,symptom:kollagen,manual,https://www.iherb.com/c/collagen-supplements,,,,
zhelezo-dlya-zhenshchin,железо для женщин,Минералы,commercial,"Железо для женщин: как выбрать форму, дозировку и удобный курс приема | iherbs.com.md","Подборка железа для женщин с понятным объяснением по формам, дозировкам и удобству приема на каждый день.","Железо для женщин: как выбрать форму, дозировку и удобный курс приема","Подборка помогает быстро сравнить популярные варианты железа для женщин, посмотреть на формы выпуска и понять, какие продукты удобнее рассматривать для повседневного курса.",Сравнивайте форму железа|Оценивайте дозировку на порцию|Проверяйте сопутствующие ингредиенты,"В этой категории полезно смотреть на форму железа, дозировку в одной порции, наличие витамина C и общее количество порций в упаковке. Чем прозрачнее состав, тем легче сделать спокойный выбор.",Какие формы железа чаще сравнивают?,"Обычно смотрят на продукты с мягкими формами железа и понятной маркировкой дозировки, чтобы проще оценить ежедневный формат приема.",Зачем смотреть на дополнительные компоненты?,Сопутствующие ингредиенты вроде витамина C часто делают формулу более понятной для покупателя и помогают сравнить варианты внутри одной категории.,Кому удобна отдельная подборка по железу для женщин?,"Тем, кто хочет сразу видеть релевантные продукты по форме и дозировке без переходов по слишком широким разделам минералов.",Смотреть железо,Открыть подборки по минералам,"https://cloudinary.images-iherb.com/image/upload/f_auto,q_auto:eco/images/cgn/cgn01347/l/166.jpg","## Что важно сравнить
- Форму железа и дозировку на одну порцию
- Наличие витамина C и других сопутствующих компонентов
- Размер курса и число порций
## Кому пригодится подборка
- Тем, кто ищет понятный формат на каждый день
- Тем, кто сравнивает капсулы, таблетки и жидкие формы
- Тем, кому важен аккуратный состав без перегруза",published,audience,audience,женщины,audience:zhelezo,manual,https://www.iherb.com/c/iron,,,,
tsink-dlya-immuniteta,цинк для иммунитета,Минералы,commercial,"Цинк для иммунитета: как сравнивать формы, дозировки и состав | iherbs.com.md","Подборка цинка для иммунитета с понятным разбором по формам, дозировкам и дополнительным компонентам в составе.","Цинк для иммунитета: как сравнивать формы, дозировки и состав","Эта страница помогает сравнить популярные варианты цинка для повседневного приема, не потеряться в дозировках и быстрее понять разницу между формами и комплексными формулами.",Сравнивайте форму цинка|Проверяйте дозировку|Оценивайте состав комплекса,"Для этой категории полезно смотреть на форму цинка, размер порции, дополнительные ингредиенты вроде витамина C и общий формат продукта. Такой подход помогает быстрее сузить выбор до действительно удобных вариантов.",Какие формы цинка встречаются чаще всего?,"Покупатели обычно сравнивают цинк в таблетках, капсулах, леденцах и комплексных формулах, выбирая тот формат, который удобнее в повседневном режиме.",Нужно ли брать цинк в комплексе с другими компонентами?,"Это зависит от задачи, но многим удобны формулы, где цинк уже сочетается с витамином C или другими популярными компонентами.",Кому подойдет отдельная подборка по цинку?,"Тем, кто хочет сразу сравнить именно цинк по понятным критериям и не тратить время на широкий каталог иммунных комплексов.",Смотреть цинк,Открыть другие подборки,"https://cloudinary.images-iherb.com/image/upload/f_auto,q_auto:eco/images/cgn/cgn01353/l/147.jpg","## Что сравнивать
- Форму выпуска и размер порции
- Дозировку цинка на прием
- Наличие дополнительных компонентов в комплексе
## Что помогает выбрать быстрее
- Понятная маркировка состава
- Удобный формат ежедневного приема
- Подходящий объем упаковки",published,symptom,ingredient,цинк,symptom:tsink,manual,https://www.iherb.com/c/zinc,,,,
vitamin-b-kompleks-dlya-energii,витамин B-комплекс для энергии,Витамины,commercial,"Витамин B-комплекс для энергии: как выбрать состав, дозировку и формат | iherbs.com.md","Подборка витамина B-комплекса для энергии с разбором состава, дозировок и удобных форм ежедневного приема.","Витамин B-комплекс для энергии: как выбрать состав, дозировку и формат","Подборка собрана для тех, кто ищет B-комплекс для повседневного тонуса и хочет быстро сравнить составы, формы выпуска и общий формат приема без лишних отвлечений.",Смотрите на состав комплекса|Сравнивайте дозировки витаминов группы B|Оценивайте удобство приема,"При выборе B-комплекса важно понимать, какие витамины группы B входят в формулу, как указана дозировка на порцию и насколько удобно принимать продукт каждый день. Чем яснее состав, тем легче выбрать нужный формат.",Что главное сравнить у B-комплекса?,"Чаще всего смотрят на набор витаминов группы B, размер порции, форму выпуска и число приемов в день.",Лучше капсулы или таблетки?,"Это вопрос удобства: капсулы многим нравятся за простой формат, а таблетки могут быть привычнее для ежедневного приема.",Кому подойдет отдельная страница по B-комплексу для энергии?,"Тем, кто хочет сразу видеть релевантные формулы по теме тонуса и не смешивать их с более широкими витаминными подборками.",Смотреть B-комплекс,Открыть другие витамины,"https://cloudinary.images-iherb.com/image/upload/f_auto,q_auto:eco/images/cgn/cgn01201/l/143.jpg","## Для кого это актуально
- Для тех, кто ищет добавки на каждый день
- Для тех, кто сравнивает комплексные формулы группы B
- Для тех, кому важен понятный состав без лишних компонентов
## Что проверить перед покупкой
- Какие витамины группы B входят в состав
- Дозировку на одну порцию
- Количество приемов и размер упаковки",published,symptom,ingredient,витамины группы B,symptom:b-complex,manual,https://www.iherb.com/c/vitamin-b-complex,,,,